{"cameraMode":{"drawMode":0,"name":"Shaded","section":"Shading Mode"},"sceneLighting":false,"audioPlay":false,"sceneViewState":{"m_AlwaysRefresh":false,"showFog":true,"showSkybox":false,"showFlares":true,"showImageEffects":true,"showParticleSystems":true,"showVisualEffectGraphs":true,"m_FxEnabled":false},"in2DMode":false,"pivot":{"x":-2.380000114440918,"y":0.33000004291534426,"z":-5.070000171661377},"rotation":{"x":0.032991163432598117,"y":0.47469863295555117,"z":-0.01780933141708374,"w":0.8793515563011169},"size":1.3445935249328614,"orthographic":true}