{"cameraMode":{"drawMode":0,"name":"Shaded","section":"Shading Mode"},"sceneLighting":false,"audioPlay":false,"sceneViewState":{"m_AlwaysRefresh":false,"showFog":true,"showSkybox":false,"showFlares":true,"showImageEffects":true,"showParticleSystems":true,"showVisualEffectGraphs":true,"m_FxEnabled":false},"in2DMode":false,"pivot":{"x":-0.39383217692375185,"y":1.1138708591461182,"z":-0.6461538672447205},"rotation":{"x":0.020993830636143686,"y":-0.0209937933832407,"z":0.0004409344692248851,"w":0.9995593428611755},"size":1.410251498222351,"orthographic":true}